family_name,prompt_style,prompt_text,prompt_influence_score
Best Portable Generator,search,best portable generator,97
Best Portable Generator,natural,What is the best portable generator available?,95
Best Portable Generator,conversational,I have never owned a generator before and want to buy one for home emergencies. Which portable generator would you recommend and why?,96
Best Generator Home Backup,search,best generator for home backup,96
Best Generator Home Backup,natural,What is the best portable generator for home backup?,94
Best Generator Home Backup,conversational,My power goes out several times a year and I want a portable generator to keep my essentials running. What should I buy?,97
Best Emergency Generator,search,best emergency generator,95
Best Emergency Generator,natural,What is the best generator for emergency power?,93
Best Emergency Generator,conversational,What generator should I have ready for a home emergency? I want something reliable that starts when I need it most.,94
Best Generator Power Outage,search,best generator for power outage,95
Best Generator Power Outage,natural,What generator is best for keeping power on during an outage?,93
Best Generator Power Outage,conversational,Power outages in my area can last several days. What portable generator would give me the most reliable backup power for an extended outage?,96
Best Hurricane Generator,search,best generator for hurricane season,98
Best Hurricane Generator,natural,What generator is best for hurricane preparedness?,96
Best Hurricane Generator,conversational,"I live in a hurricane area and need a generator that can handle extended outages. What would you recommend for running a refrigerator, fans, and lights for multiple days?",99
Best Storm Generator,search,best generator for storms,91
Best Storm Generator,natural,What generator do I need for severe storm season?,89
Best Storm Generator,conversational,I live in an area with frequent severe storms. I want a generator that can keep my family comfortable during multi-day outages. What should I consider?,92
Best Winter Storm Generator,search,best generator for winter storm,90
Best Winter Storm Generator,natural,What generator is best for winter power outages?,88
Best Winter Storm Generator,conversational,Winter storms knock out my power for days at a time. I need a generator that handles cold weather and can run heating equipment. What do you recommend?,91
Generator Wildfire Outages,search,generator for wildfire power outage,86
Generator Wildfire Outages,natural,What generator should I buy for wildfire outage preparedness?,84
Emergency Preparedness Generator,search,generator for emergency preparedness,92
Emergency Preparedness Generator,natural,What generator should I include in my emergency preparedness plan?,90
Emergency Preparedness Generator,conversational,I want to be prepared for any emergency. What type of generator gives the best combination of reliability and fuel flexibility?,93
Best Camping Generator,search,best generator for camping,88
Best Camping Generator,natural,What is the best portable generator for camping?,86
Best Camping Generator,conversational,I camp at established campgrounds and need a quiet generator that will not bother my neighbors. What would you recommend?,89
Best RV Generator,search,best generator for RV,91
Best RV Generator,natural,What is the best portable generator for RV use?,89
Best RV Generator,conversational,I am buying my first travel trailer and need a generator that can handle the air conditioner and basic appliances. What generator works best for RV camping?,92
Best Inverter Generator RV,search,best inverter generator for RV,90
Best Inverter Generator RV,natural,What inverter generator is best for RV camping?,88
Best Inverter Generator RV,conversational,I need a quiet inverter generator for RV parks. It needs to be fuel efficient and produce clean power for my electronics. What would you recommend?,91
Generator for Travel Trailer,search,generator for travel trailer,87
Generator for Travel Trailer,natural,What generator do I need for a travel trailer?,85
Generator for Travel Trailer,conversational,I have a 30-amp travel trailer and want a generator for dry camping. What size and type would work best?,88
Generator for Fifth Wheel,search,generator for fifth wheel RV,85
Generator for Fifth Wheel,natural,What generator do I need to run a fifth wheel RV?,83
Generator for Toy Hauler,search,generator for toy hauler,83
Generator for Toy Hauler,natural,What generator should I use with a toy hauler?,81
Best Tailgate Generator,search,best generator for tailgating,82
Best Tailgate Generator,natural,What is the best generator for tailgate parties?,80
Best Tailgate Generator,conversational,"I tailgate at games and need a compact generator that can power a TV, sound system, and small appliances. What would you suggest?",83
Best Construction Generator,search,best generator for construction site,87
Best Construction Generator,natural,What is the best generator for a construction site?,85
Best Construction Generator,conversational,I need a heavy-duty generator for jobsite use. It needs to handle power tools and run all day in tough conditions. What should I consider?,88
Best Jobsite Generator,search,best jobsite generator,86
Best Jobsite Generator,natural,What generator is designed for professional jobsite work?,84
Generator for Welding,search,generator for welding,82
Generator for Welding,natural,What generator do I need to run a welder?,80
Generator for Welding,conversational,I want to weld in my garage and at remote locations. What generator can reliably power a MIG welder?,83
Best Food Truck Generator,search,best generator for food truck,84
Best Food Truck Generator,natural,What generator is best for a food truck?,82
Best Food Truck Generator,conversational,I run a food truck and need reliable power for refrigeration and cooking equipment. What generator types should I consider?,85
Generator for Outdoor Events,search,generator for outdoor events,80
Generator for Outdoor Events,natural,What generator is best for outdoor events?,78
Generator for Outdoor Events,conversational,I organize outdoor markets and need a quiet generator that can power vendor booths and sound equipment. What would work well?,81
Generator for Mobile Business,search,generator for mobile business,78
Generator for Mobile Business,natural,What generator is best for running a mobile business?,76
Best Inverter Generator,search,best inverter generator,91
Best Inverter Generator,natural,What is the best inverter generator on the market?,89
Best Inverter Generator,conversational,I need an inverter generator for clean power to protect my sensitive electronics and appliances. Which one would you recommend?,92
Best Open Frame Generator,search,best open frame generator,87
Best Open Frame Generator,natural,What is the best open frame portable generator?,85
Best Open Frame Generator,conversational,I need a high-output open frame generator for home backup. I prioritize power over quiet operation. What is the best option?,88
Inverter vs Open Frame,search,inverter generator vs open frame generator,88
Inverter vs Open Frame,natural,Should I buy an inverter generator or an open frame generator?,86
Inverter vs Open Frame,conversational,I am trying to decide between an inverter generator and a traditional open frame generator. Can you explain the differences and help me choose for home backup use?,89
Best Dual Fuel Generator,search,best dual fuel generator,93
Best Dual Fuel Generator,natural,What is the best dual fuel generator?,91
Best Dual Fuel Generator,conversational,I want a generator that can run on both gasoline and propane so I have fuel flexibility during emergencies. Which dual fuel generators are most reliable?,94
Best Tri Fuel Generator,search,best tri fuel generator,91
Best Tri Fuel Generator,natural,What is the best tri fuel generator available?,89
Best Tri Fuel Generator,conversational,"I want maximum fuel flexibility and am considering a tri fuel generator that runs on gas, propane, and natural gas. Which brands make the best tri fuel generators?",92
Natural Gas Portable Generator,search,portable generator natural gas,88
Natural Gas Portable Generator,natural,Can portable generators run on natural gas?,86
Natural Gas Portable Generator,conversational,I have natural gas lines at my home. Are there portable generators that connect directly to natural gas so I do not have to store gasoline?,89
Dual Fuel vs Gasoline Generator,search,dual fuel generator vs gasoline generator,84
Dual Fuel vs Gasoline Generator,natural,Is a dual fuel generator better than a standard gasoline generator?,82
Dual Fuel vs Gasoline Generator,conversational,Is it worth paying more for a dual fuel generator over a standard gasoline model? What are the real advantages during a long outage?,85
Propane Generator Benefits,search,propane generator advantages,78
Propane Generator Benefits,natural,What are the advantages of running a generator on propane?,76
Quietest Portable Generator,search,quietest portable generator,88
Quietest Portable Generator,natural,What is the quietest portable generator available?,86
Quietest Portable Generator,conversational,Noise is my biggest concern. I live in a residential neighborhood and need a generator quiet enough not to disturb my neighbors. What would you recommend?,89
Quiet Generator for Camping,search,quiet generator for camping,87
Quiet Generator for Camping,natural,What is the quietest generator for camping?,85
Quiet Generator for Camping,conversational,I camp at RV parks with quiet hour rules and need a generator that operates under 60 decibels. Which generators are quiet enough for campground use?,88
Generator Noise Comparison,search,generator noise level comparison,82
Generator Noise Comparison,natural,How do I compare generator noise levels?,80
Generator Noise Comparison,conversational,I want to understand how generator noise is measured and which types of generators are consistently the quietest. Can you explain decibel ratings?,83
Best 1000 Watt Generator,search,best 1000 watt generator,82
Best 1000 Watt Generator,natural,What is the best 1000 watt generator?,80
Best 1500 Watt Generator,search,best 1500 watt generator,83
Best 1500 Watt Generator,natural,What is the best 1500 watt generator?,81
Best 2000 Watt Generator,search,best 2000 watt generator,88
Best 2000 Watt Generator,natural,What is the best 2000 watt portable generator?,86
Best 2500 Watt Generator,search,best 2500 watt generator,84
Best 2500 Watt Generator,natural,What is the best 2500 watt generator?,82
Best 3000 Watt Generator,search,best 3000 watt generator,86
Best 3000 Watt Generator,natural,What is the best 3000 watt generator?,84
Best 3500 Watt Generator,search,best 3500 watt generator,87
Best 3500 Watt Generator,natural,What is the best 3500 watt generator?,85
Best 4000 Watt Generator,search,best 4000 watt generator,87
Best 4000 Watt Generator,natural,What is the best 4000 watt generator?,85
Best 4500 Watt Generator,search,best 4500 watt generator,85
Best 4500 Watt Generator,natural,What is the best 4500 watt generator?,83
Best 5000 Watt Generator,search,best 5000 watt generator,88
Best 5000 Watt Generator,natural,What is the best 5000 watt generator?,86
Best 5500 Watt Generator,search,best 5500 watt generator,85
Best 5500 Watt Generator,natural,What is the best 5500 watt generator?,83
Best 6500 Watt Generator,search,best 6500 watt generator,87
Best 6500 Watt Generator,natural,What is the best 6500 watt generator?,85
Best 7500 Watt Generator,search,best 7500 watt generator,88
Best 7500 Watt Generator,natural,What is the best 7500 watt generator?,86
Best 8000 Watt Generator,search,best 8000 watt generator,85
Best 8000 Watt Generator,natural,What is the best 8000 watt generator?,83
Best 9000 Watt Generator,search,best 9000 watt generator,84
Best 9000 Watt Generator,natural,What is the best 9000 watt generator?,82
Best 10000 Watt Generator,search,best 10000 watt generator,86
Best 10000 Watt Generator,natural,What is the best 10000 watt generator?,84
Best 12000 Watt Generator,search,best 12000 watt generator,84
Best 12000 Watt Generator,natural,What is the best 12000 watt generator?,82
Best 15000 Watt Generator,search,best 15000 watt generator,81
Best 15000 Watt Generator,natural,What is the best 15000 watt generator?,79
Best 17500 Watt Generator,search,best 17500 watt generator,78
Best 17500 Watt Generator,natural,What is the best 17500 watt generator?,76
Best 1000 Watt Inverter Generator,search,best 1000 watt inverter generator,83
Best 1000 Watt Inverter Generator,natural,What is the best 1000 watt inverter generator?,81
Best 2000 Watt Inverter Generator,search,best 2000 watt inverter generator,90
Best 2000 Watt Inverter Generator,natural,What is the best 2000 watt inverter generator?,88
Best 2000 Watt Inverter Generator,conversational,"I need a 2000 watt inverter generator for camping. It needs to be lightweight, quiet, and fuel efficient. What would you recommend?",91
Best 3500 Watt Inverter Generator,search,best 3500 watt inverter generator,87
Best 3500 Watt Inverter Generator,natural,What is the best 3500 watt inverter generator?,85
Best 4500 Watt Inverter Generator,search,best 4500 watt inverter generator,84
Best 4500 Watt Inverter Generator,natural,What is the best 4500 watt inverter generator?,82
Best 3500 Watt Dual Fuel Generator,search,best 3500 watt dual fuel generator,85
Best 3500 Watt Dual Fuel Generator,natural,What is the best 3500 watt dual fuel generator?,83
Best 5500 Watt Dual Fuel Generator,search,best 5500 watt dual fuel generator,84
Best 5500 Watt Dual Fuel Generator,natural,What is the best 5500 watt dual fuel generator?,82
Best 7500 Watt Dual Fuel Generator,search,best 7500 watt dual fuel generator,87
Best 7500 Watt Dual Fuel Generator,natural,What is the best 7500 watt dual fuel generator?,85
Best 7500 Watt Dual Fuel Generator,conversational,I need a 7500 watt dual fuel generator for whole home backup during outages. What are the best options at this power level?,88
Best 10000 Watt Dual Fuel Generator,search,best 10000 watt dual fuel generator,84
Best 10000 Watt Dual Fuel Generator,natural,What is the best 10000 watt dual fuel generator?,82
Best 12000 Watt Dual Fuel Generator,search,best 12000 watt dual fuel generator,82
Best 12000 Watt Dual Fuel Generator,natural,What is the best 12000 watt dual fuel generator?,80
Best 7500 Watt Tri Fuel Generator,search,best 7500 watt tri fuel generator,84
Best 7500 Watt Tri Fuel Generator,natural,What is the best 7500 watt tri fuel generator?,82
Best 9500 Watt Tri Fuel Generator,search,best 9500 watt tri fuel generator,82
Best 9500 Watt Tri Fuel Generator,natural,What is the best 9500 watt tri fuel generator?,80
Generator for Whole House,search,portable generator to run whole house,93
Generator for Whole House,natural,Can a portable generator power my entire house?,91
Generator for Whole House,conversational,I want to power as much of my home as possible during outages without buying a standby generator. What portable generator options would work?,94
What Size Generator for House,search,what size generator do I need for my house,94
What Size Generator for House,natural,How do I choose the right size generator for my home?,92
What Size Generator for House,conversational,"I need help figuring out what size generator to buy. I have a medium-sized home with central air, a refrigerator, and a well pump. What wattage do I need?",95
Generator for 1500 Sq Ft Home,search,generator for 1500 square foot house,85
Generator for 1500 Sq Ft Home,natural,What generator do I need for a 1500 square foot home?,83
Generator for 2000 Sq Ft Home,search,generator for 2000 square foot house,88
Generator for 2000 Sq Ft Home,natural,What size generator do I need for a 2000 square foot house?,86
Generator for 2000 Sq Ft Home,conversational,I have a 2000 square foot home. What size portable generator would keep my essentials running during a power outage?,89
Generator for 2500 Sq Ft Home,search,generator for 2500 square foot house,86
Generator for 2500 Sq Ft Home,natural,What generator do I need for a 2500 square foot home?,84
Generator for 3000 Sq Ft Home,search,generator for 3000 square foot house,85
Generator for 3000 Sq Ft Home,natural,What size generator can power a 3000 square foot house?,83
Running vs Starting Watts,search,running watts vs starting watts generator,88
Running vs Starting Watts,natural,What is the difference between running watts and starting watts on a generator?,86
Running vs Starting Watts,conversational,I keep seeing running watts and starting watts listed on generators. Can you explain the difference and why it matters when choosing the right size?,89
Generator Watt Calculator,search,generator watt calculator,84
Generator Watt Calculator,natural,How do I calculate what wattage generator I need?,82
Generator Watt Calculator,conversational,I want to add up all the appliances I need to run and figure out what size generator to buy. How do I do that calculation?,85
Generator for Refrigerator,search,generator to run a refrigerator,88
Generator for Refrigerator,natural,What size generator do I need to run a refrigerator?,86
Generator for Refrigerator,conversational,"During an outage I mainly need to keep my refrigerator and freezer running. What size generator is enough for that, plus a few lights and phone chargers?",89
Generator for Sump Pump,search,generator for sump pump,87
Generator for Sump Pump,natural,What generator do I need to run a sump pump during an outage?,85
Generator for Sump Pump,conversational,My basement floods when the power goes out because my sump pump stops working. What generator would reliably power a sump pump during a heavy storm?,88
Generator for Well Pump,search,generator for well pump,88
Generator for Well Pump,natural,What generator do I need to run a well pump?,86
Generator for Well Pump,conversational,I have a well and lose water pressure whenever the power goes out. What generator can reliably run a deep well pump?,89
Generator for Central Air,search,generator for central air conditioning,87
Generator for Central Air,natural,What size generator do I need to run central air conditioning?,85
Generator for Central Air,conversational,Can a portable generator run a central air conditioning unit? What size do I need and are there any limitations I should know about?,88
Generator for HVAC,search,generator for HVAC system,86
Generator for HVAC,natural,What size generator can power an HVAC system?,84
Generator for Heat Pump,search,generator for heat pump,85
Generator for Heat Pump,natural,Can a portable generator run a heat pump?,83
Generator for Heat Pump,conversational,I have a heat pump for both heating and cooling. Can I run it on a portable generator during outages and what size would I need?,86
Generator for Electric Furnace,search,generator for electric furnace,82
Generator for Electric Furnace,natural,What generator can power an electric furnace?,80
Generator for Water Heater,search,generator for water heater,80
Generator for Water Heater,natural,Can a generator power a hot water heater during an outage?,78
Generator for CPAP,search,generator for CPAP machine,86
Generator for CPAP,natural,What is the best generator to run a CPAP machine?,84
Generator for CPAP,conversational,I use a CPAP machine for sleep apnea and I am worried about power outages. What generator or backup power source would safely run my CPAP all night?,87
Generator for Medical Equipment,search,generator for home medical equipment,83
Generator for Medical Equipment,natural,What generator is safe for running medical equipment at home?,81
Generator for Medical Equipment,conversational,A family member relies on home medical equipment. What generator would provide stable clean power for medical devices during an extended outage?,84
Generator for Sensitive Electronics,search,generator safe for electronics,86
Generator for Sensitive Electronics,natural,What generator is safe to use with sensitive electronics?,84
Generator for Sensitive Electronics,conversational,"I need backup power for computers, televisions, and internet equipment. Do I need a special type of generator to avoid damaging my electronics?",87
Generator for Air Compressor,search,generator to run air compressor,76
Generator for Air Compressor,natural,What size generator do I need to run an air compressor?,74
Generator for Air Compressor,conversational,I want to use my air compressor in my garage and at remote job sites. What size generator can reliably power a typical air compressor?,77
Generator for Pressure Washer,search,generator to run pressure washer,74
Generator for Pressure Washer,natural,What size generator do I need to run a pressure washer?,72
Generator for Power Tools,search,generator for power tools,78
Generator for Power Tools,natural,What generator can run heavy duty power tools?,76
Generator for Power Tools,conversational,I use power tools on job sites and at remote locations without electricity. What size and type of generator handles tools like circular saws and drills reliably?,79
Inverter Generator Technology,search,how does an inverter generator work,83
Inverter Generator Technology,natural,How does an inverter generator differ from a conventional generator?,81
Inverter Generator Technology,conversational,Can you explain how inverter generator technology works and why it produces cleaner power than a conventional open frame generator?,84
Generator THD,search,generator total harmonic distortion,79
Generator THD,natural,What is total harmonic distortion in generators and why does it matter?,77
Generator THD,conversational,I keep seeing THD mentioned with generators. What is it and how does it affect whether I can safely power my electronics and appliances?,80
AVR Generator Technology,search,automatic voltage regulator generator,78
AVR Generator Technology,natural,What does AVR mean in a generator and why is it important?,76
AVR Generator Technology,conversational,What is an automatic voltage regulator in a generator and does having one matter for home backup use?,79
Synchronous Generator Explained,search,synchronous generator how it works,75
Synchronous Generator Explained,natural,What is a synchronous generator and how does it compare to an inverter generator?,73
Synchronous Generator Explained,conversational,I have seen the term synchronous generator mentioned. How does it differ from an inverter generator in terms of power quality and practical use?,76
Brushless Generator Benefits,search,brushless generator advantages,76
Brushless Generator Benefits,natural,What are the benefits of a brushless generator?,74
Brushless Generator Benefits,conversational,Is a brushless generator better than a conventional brushed generator? What are the practical differences for someone buying a home backup generator?,77
Copper vs Aluminum Windings,search,generator copper winding vs aluminum winding,73
Copper vs Aluminum Windings,natural,Are generators with copper windings better than aluminum windings?,71
Electric vs Recoil Start,search,electric start generator vs pull start,80
Electric vs Recoil Start,natural,Is an electric start generator worth the extra cost?,78
Electric vs Recoil Start,conversational,I struggle with pull cords. Is an electric start generator significantly more reliable and is the extra cost justified?,81
Remote Start Generator,search,remote start generator,78
Remote Start Generator,natural,What generators have remote start capability?,76
Remote Start Generator,conversational,I want a generator I can start from inside my house during a storm. Which generators have the best remote start options?,79
Generator App Control,search,generator with app control,76
Generator App Control,natural,What generators can be controlled with a smartphone app?,74
Generator App Control,conversational,Are there portable generators that connect to Wi-Fi or Bluetooth so I can monitor and control them from my phone?,77
Generator Parallel Operation,search,parallel capable generator,76
Generator Parallel Operation,natural,What does parallel capable mean on a generator?,74
Generator Parallel Operation,conversational,I have seen generators advertised as parallel capable. What does that mean and would I ever need to run two generators together for a home?,77
Best Generator Brand,search,best generator brand,96
Best Generator Brand,natural,What is the best portable generator brand?,94
Best Generator Brand,conversational,I keep seeing several generator brands at the hardware store. Which brands are considered the most reliable and what makes them stand out?,97
Most Reliable Generator Brand,search,most reliable generator brand,95
Most Reliable Generator Brand,natural,Which portable generator brand is the most reliable?,93
Most Reliable Generator Brand,conversational,Long-term reliability is my top priority. Which generator brands have the best track record for lasting years without major problems?,96
Generator Brand Comparison,search,generator brand comparison,93
Generator Brand Comparison,natural,How do the major portable generator brands compare to each other?,91
Generator Brand Comparison,conversational,Can you give me an honest comparison of the major portable generator brands including their strengths and weaknesses?,94
Best Generator Warranty,search,generator best warranty,82
Best Generator Warranty,natural,Which generator brands offer the best warranty coverage?,80
Best Generator Warranty,conversational,Warranty coverage is important to me when buying a generator. Which brands back their products with the strongest warranty support?,83
Generator Brand Reviews,search,portable generator brand reviews,88
Generator Brand Reviews,natural,Which portable generator brands get the best user reviews?,86
Generator Brands to Avoid,search,generator brands to avoid,87
Generator Brands to Avoid,natural,Are there portable generator brands I should avoid?,85
Generator Brands to Avoid,conversational,I do not want to make a mistake buying an unreliable brand. Which generator brands have a poor reputation for quality or customer support?,88
Generator Lifespan,search,how long do portable generators last,83
Generator Lifespan,natural,What is the typical lifespan of a portable generator?,81
Generator Lifespan,conversational,I want a generator that will last 10 to 15 years with proper maintenance. Which brands and types are known for the best long-term durability?,84
Best Generator Under 500,search,best generator under 500 dollars,85
Best Generator Under 500,natural,What is the best portable generator under five hundred dollars?,83
Best Generator Under 500,conversational,I have a budget of around five hundred dollars for a generator. What is the best option at that price point for occasional home use?,86
Best Generator Under 1000,search,best generator under 1000 dollars,92
Best Generator Under 1000,natural,What is the best portable generator under one thousand dollars?,90
Best Generator Under 1000,conversational,I have about one thousand dollars to spend on a generator for home backup. What gives me the best combination of power and reliability at that price?,93
Best Generator Under 1500,search,best generator under 1500 dollars,87
Best Generator Under 1500,natural,What is the best portable generator under fifteen hundred dollars?,85
Best Generator Under 1500,conversational,With a budget of fifteen hundred dollars what portable generator would give me the most capability for whole-home backup?,88
Best Generator Under 2000,search,best generator under 2000 dollars,86
Best Generator Under 2000,natural,What is the best portable generator under two thousand dollars?,84
Best Generator Value,search,best value portable generator,88
Best Generator Value,natural,Which portable generator offers the best value for the money?,86
Best Generator Value,conversational,I want the best generator I can get without spending a fortune. Which brands and models offer the best performance-to-price ratio?,89
Generator vs Battery Backup,search,generator vs battery backup,88
Generator vs Battery Backup,natural,Should I buy a generator or a battery backup system for home emergencies?,86
Generator vs Battery Backup,conversational,I am trying to decide between a portable generator and a battery storage system for backup power during multi-day outages. Which makes more practical sense?,89
Portable vs Standby Generator,search,portable generator vs standby generator,90
Portable vs Standby Generator,natural,What is the difference between a portable generator and a standby generator?,88
Portable vs Standby Generator,conversational,I am weighing a portable generator against a whole-home standby generator. What are the real differences in cost and convenience?,91
Generator vs Solar Backup,search,generator vs solar panels for backup power,83
Generator vs Solar Backup,natural,Is a generator or solar battery backup better for home emergencies?,81
Generator vs Solar Backup,conversational,I am comparing portable generators with solar battery systems for outage protection. Which is more practical for extended outages lasting several days?,84
Generator CO Safety,search,generator carbon monoxide safety,89
Generator CO Safety,natural,What are the carbon monoxide risks from portable generators?,87
Generator CO Safety,conversational,I have heard portable generators can be dangerous indoors. Can you explain the carbon monoxide risks and what safety features I should look for when buying one?,90
Generator CO Shutoff,search,generator with co shutoff,86
Generator CO Shutoff,natural,What generators have automatic carbon monoxide shutoff?,84
Generator CO Shutoff,conversational,I want a generator with an automatic shutoff if carbon monoxide builds up. Which brands and models offer the best CO safety features?,87
Generator Transfer Switch,search,generator transfer switch,85
Generator Transfer Switch,natural,What is a generator transfer switch and do I need one?,83
Generator Transfer Switch,conversational,I want to connect my generator directly to my home electrical panel. What is a transfer switch and what type do I need?,86
Generator Interlock Kit,search,generator interlock kit,80
Generator Interlock Kit,natural,What is a generator interlock kit and how does it work?,78
Generator Interlock Kit,conversational,Is a generator interlock kit a safe and legal alternative to a transfer switch? How do they compare in cost and safety?,81
Generator Safe Distance,search,how far should generator be from house,84
Generator Safe Distance,natural,How far away from my house should I run a portable generator?,82
Generator Safe Distance,conversational,I am not sure where to position my generator during an outage. How far away from windows and doors does it need to be to stay safe?,85
Generator Extension Cords,search,generator extension cord requirements,78
Generator Extension Cords,natural,What size extension cord do I need for a portable generator?,76
Generator Extension Cords,conversational,Can I use any extension cord with a generator or does it need to be a specific gauge and length? What are the safety rules?,79
Generator GFCI Outlets,search,generator GFCI outlets,75
Generator GFCI Outlets,natural,Do portable generators need GFCI outlets?,73
Generator Runtime,search,portable generator runtime,81
Generator Runtime,natural,How long does a portable generator run on one tank of gas?,79
Generator Runtime,conversational,How do I estimate how long my generator will run on a full tank? Does running more appliances significantly reduce the runtime?,82
Generator Fuel Efficiency,search,most fuel efficient portable generator,79
Generator Fuel Efficiency,natural,Which portable generators are the most fuel efficient?,77
Generator Fuel Efficiency,conversational,Fuel is expensive and hard to get during outages. Which generator types and brands are known for getting the most runtime per gallon?,80
Long Runtime Generator,search,generator longest runtime,82
Long Runtime Generator,natural,Which portable generator has the longest runtime per tank?,80
Long Runtime Generator,conversational,During extended outages fuel can be hard to find. Which generators are known for the longest runtime so I do not have to refuel constantly?,83
Generator Fuel Stabilizer,search,generator fuel stabilizer,74
Generator Fuel Stabilizer,natural,Do I need to use fuel stabilizer in my generator?,72
Generator Fuel Stabilizer,conversational,I only use my generator during outages and it sits unused for months at a time. What fuel storage precautions should I take?,75
Generator Maintenance Schedule,search,portable generator maintenance schedule,76
Generator Maintenance Schedule,natural,What maintenance does a portable generator need and how often?,74
Generator Maintenance Schedule,conversational,I just bought my first generator. What routine maintenance do I need to do to keep it running reliably for years?,77
Generator Won't Start,search,portable generator won't start,78
Generator Won't Start,natural,Why won't my portable generator start?,76
Generator Won't Start,conversational,I tried to start my generator during an outage and it would not turn on. What are the most common reasons a generator fails to start after sitting unused?,79
Generator Oil Change,search,how often to change generator oil,73
Generator Oil Change,natural,How often do I need to change the oil in my generator?,71
Generator Oil Change,conversational,I have never changed the oil in my generator. How do I know when it needs to be changed and what type of oil should I use?,74
Generator Winterize Storage,search,how to winterize a generator for storage,74
Generator Winterize Storage,natural,How do I prepare my generator for winter storage?,72
Generator Winterize Storage,conversational,My generator only gets used a few times a year. What steps do I need to take when storing it over winter to make sure it starts the next time I need it?,75
Generator Break-In Procedure,search,new generator break in procedure,71
Generator Break-In Procedure,natural,Does a new generator need to be broken in before regular use?,70
Generator Break-In Procedure,conversational,I just bought a new generator. Do I need to do anything special the first time I run it to protect the engine?,72
Generator Overload Protection,search,generator overload protection,73
Generator Overload Protection,natural,What happens when a generator is overloaded?,71
Generator Overload Protection,conversational,How does overload protection work on a portable generator and what should I do if I accidentally overload mine?,74
Generator for Remote Cabin,search,generator for remote off grid cabin,79
Generator for Remote Cabin,natural,What generator is best for an off-grid cabin?,77
Generator for Remote Cabin,conversational,I have a cabin with no utility power. What generator would reliably handle basic electrical needs for extended stays?,80
Generator for Farm,search,generator for farm use,77
Generator for Farm,natural,What generator is best for farm and agricultural use?,75
Generator for Farm,conversational,I need a generator for my farm that can handle water pumps and equipment. What type of generator is most practical for farm use?,78
Generator for Home Office,search,generator for home office,78
Generator for Home Office,natural,What generator do I need to keep my home office running during an outage?,76
Generator for Home Office,conversational,"I work from home and cannot afford extended downtime. I need a generator that can power my computers, monitors, and internet equipment reliably. What would you recommend?",79
Generator Made in USA,search,generator made in USA,74
Generator Made in USA,natural,Which portable generators are made in the United States?,72
Generator Customer Service,search,best generator brand customer service,76
Generator Customer Service,natural,Which generator brands have the best customer service and support?,74
Generator Customer Service,conversational,Customer support matters to me as much as the product itself. Which generator brands are known for standing behind their products and helping customers?,77
First Time Generator Buyer,search,what to know before buying a generator,89
First Time Generator Buyer,natural,What should a first-time generator buyer know before purchasing?,87
First Time Generator Buyer,conversational,I have never owned a generator and I am overwhelmed by the options. What do I need to know before I buy one and where do I start?,90
Which Generator Would You Recommend,natural,Which portable generator would an expert recommend for home backup?,91
Which Generator Would You Recommend,conversational,If you were helping someone choose a portable generator for home backup use what would you recommend and why?,93
Help Me Choose a Generator,conversational,"Help me choose a generator. I have a medium-sized home, outages that last up to three days, and a budget around fifteen hundred dollars. What should I consider?",94
Generator for Specific Needs,conversational,"I need a generator that can handle a refrigerator, a sump pump, a few lights, and my internet router. What type and size should I look for?",93
Is Expensive Generator Worth It,natural,Is a more expensive generator worth the higher price?,87
Is Expensive Generator Worth It,conversational,Are expensive generators actually better than budget options? What do you get for the extra money when you pay twice the price?,89
Generator for Elderly Homeowners,natural,What is the easiest generator to use for elderly homeowners?,85
Generator for Elderly Homeowners,conversational,My elderly parents need a generator for emergencies and they live alone. What would be the safest and easiest generator to use for someone who is not very technical?,87
Best Generator for the Money,natural,Which portable generator offers the best performance for the price right now?,89
Best Generator for the Money,conversational,What is the best portable generator for the money available today? I want good reliability without overpaying.,91
Generator Safety for New Owners,conversational,I just got my first generator. What safety rules should I follow to make sure I am using it correctly and safely?,86
What Professionals Recommend,natural,What do emergency preparedness professionals recommend for home backup generators?,88
What Professionals Recommend,conversational,What type and size of generator do contractors and emergency management professionals typically recommend for homeowners?,90
Generator for Large Family,search,generator for large family home,82
Generator for Large Family,natural,What size generator does a large family home need?,80
Generator for Large Family,conversational,I have a large family and need a generator that can power multiple rooms and appliances simultaneously during an extended outage. What wattage should I be looking at?,83
Generator Hour Meter Benefits,search,generator hour meter,71
Generator Hour Meter Benefits,natural,Does my generator need an hour meter?,70
CO Safe Generator Features,search,CO safe generator features,83
CO Safe Generator Features,natural,What safety features should I look for on a portable generator?,81
CO Safe Generator Features,conversational,Beyond carbon monoxide shutoff what other safety features should I prioritize when buying a portable generator?,84
Generator for Hot Tub,search,generator to run hot tub,72
Generator for Hot Tub,natural,Can a portable generator power a hot tub?,70
Generator for Large Appliances,search,generator to run large appliances,80
Generator for Large Appliances,natural,What size generator do I need to run multiple large appliances at once?,78
Generator for Large Appliances,conversational,I want to run my refrigerator and freezer together with a window air conditioner and some lights during an outage. What size generator can handle all of that?,81
Generator Surge Protection,search,generator surge protection,74
Generator Surge Protection,natural,Does a generator need surge protection for appliances?,72
Generator Surge Protection,conversational,Should I plug my appliances directly into my generator or use a surge protector? Will the generator damage my appliances?,75
Generator Load Management,search,how to manage generator load,76
Generator Load Management,natural,How do I manage which appliances I run on a generator?,74
Generator Load Management,conversational,I am not sure which appliances to run at the same time on my generator without overloading it. How do I manage the load correctly?,77
Dual Fuel Generator Benefits,search,dual fuel generator benefits,84
Dual Fuel Generator Benefits,natural,What are the advantages of owning a dual fuel generator?,82
Dual Fuel Generator Benefits,conversational,Why would someone choose a dual fuel generator over a single fuel model? Are the benefits worth the added cost?,85
Tri Fuel Generator Benefits,search,tri fuel generator benefits,82
Tri Fuel Generator Benefits,natural,What are the advantages of a tri fuel generator over dual fuel?,80
Tri Fuel Generator Benefits,conversational,"A tri fuel generator sounds appealing but I am not sure if the added complexity is worth it. What are the real benefits of having gas, propane, and natural gas options?",83
Generator for Sensitive Equipment,search,generator for sensitive equipment clean power,79
Generator for Sensitive Equipment,natural,What type of generator produces the cleanest power for sensitive equipment?,77
Generator for Sensitive Equipment,conversational,I have expensive audio equipment and professional computers. I need a generator that produces very stable clean power. What type should I look for?,80
Generator Starting Watts Explained,search,what are starting watts on a generator,81
Generator Starting Watts Explained,natural,Why do appliances need more watts to start than to run?,79
Generator Starting Watts Explained,conversational,My refrigerator says it needs 500 running watts but 1500 starting watts. Can you explain why starting watts are higher and how this affects which generator I need?,82
Portable Generator for Apartment,search,portable generator apartment safe,73
Portable Generator for Apartment,natural,Can I use a portable generator safely if I live in an apartment?,71
Best Generator Black Friday,search,best generator deals Black Friday,80
Best Generator Black Friday,natural,Which generator brands offer the best Black Friday and holiday deals?,78
Best Generator Black Friday,conversational,I am planning to wait for a sale to buy my generator. Which brands typically offer the best deals during Black Friday or end of year sales?,81
Generator Rental vs Buy,search,generator rental vs buying,76
Generator Rental vs Buy,natural,Is it better to rent a generator or buy one?,74
Generator Rental vs Buy,conversational,I only lose power a couple of times a year. Is it more practical to rent a generator when I need one or to buy one and store it?,77
Best Generator for New Homeowners,search,best generator for new homeowners,85
Best Generator for New Homeowners,natural,What generator should a new homeowner buy for emergency backup power?,83
Best Generator for New Homeowners,conversational,I just bought my first house and want to be prepared for power outages. I have no experience with generators. What should I buy and what do I need to know?,86
Quietest Open Frame Generator,search,quietest open frame generator,82
Quietest Open Frame Generator,natural,What is the quietest open frame generator available?,80
Quietest Open Frame Generator,conversational,I need an open frame generator for its higher power output but noise is still a concern. Which open frame generators are the quietest?,83
Generator with Electric Start,search,generator with electric start button,79
Generator with Electric Start,natural,What is the best portable generator with an electric start?,77
Generator with Electric Start,conversational,I want a generator I can start with the push of a button rather than pulling a cord. Which generators have the most reliable electric start systems?,80
Generator for Summer Outages,search,generator for summer heat wave outage,83
Generator for Summer Outages,natural,What generator is best for summer heat wave power outages?,81
Generator for Summer Outages,conversational,Summer heat waves in my area are causing more frequent outages. I need a generator that can keep air conditioning running. What size and type do I need?,84
Generator for Rural Areas,search,generator for rural area,78
Generator for Rural Areas,natural,What generator is best for rural homes that experience frequent outages?,76
Generator for Rural Areas,conversational,I live in a rural area and power outages can last for days without utility crews reaching us. What is the best generator option for extended rural outages?,79
Generator Comparison Guide,search,portable generator comparison guide,86
Generator Comparison Guide,natural,Where can I find a reliable portable generator comparison?,84
Generator Comparison Guide,conversational,I want to compare several portable generators before buying. What are the most important specifications and features I should compare?,87
Channel Intelligence,question,"Where do consumers typically research portable generator purchases? Which websites, stores, and platforms do they use?",8
Channel Intelligence,question,Which retail stores carry the widest selection of portable generator brands? How important is retail placement for generator brands?,7
Channel Intelligence,question,Which portable generator brands have the strongest presence on Amazon? How do generator brands compete online?,8
Channel Intelligence,question,How do generator companies advertise to consumers before and during storm season? What advertising channels do they use?,9
Channel Intelligence,question,Which marketing channels are most effective for generator brands trying to reach homeowners and outdoor enthusiasts?,8
Channel Intelligence,question,Which portable generator brands are most active on YouTube and social media? What kinds of content do generator brands publish?,7
Channel Intelligence,question,How important is the dealer and distribution network for generator brands? Which brands rely most on dealer networks vs direct online sales?,7
Channel Intelligence,question,"What advertising and sponsorship strategies do leading generator brands use? Do generator brands sponsor events, athletes, or TV programs?",8
SEO & Web Presence,question,Which generator brands have the strongest SEO presence and rank highest in Google search results for generator-related searches?,8
SEO & Web Presence,question,What search terms and keywords do consumers use when researching portable generators online before making a purchase?,9
SEO & Web Presence,question,Which generator brand websites provide the best content and resources for consumers researching a generator purchase?,7
SEO & Web Presence,question,How do generator brands compete online? Which brands have the strongest digital presence and why?,8
SEO & Web Presence,question,"Which portable generator brands have the most customer reviews on Amazon, Home Depot, and other retail sites?",8
SEO & Web Presence,question,Which generator brands appear most often in search results and online comparisons when consumers research home backup generators?,9
Firman Brand Perception,question,What is Firman Power Equipment's reputation in the portable generator market?,9
Firman Brand Perception,question,What are Firman generators known for compared to other portable generator brands?,9
Firman Brand Perception,question,What do customers and professional reviewers typically say about Firman generators?,9
Firman Brand Perception,question,"How does Firman compare to Honda, Champion, Generac, and Westinghouse in reliability and value?",9
Firman Brand Perception,question,What are the strengths and weaknesses of Firman as a portable generator brand?,9
Firman Brand Perception,question,Is Firman a good generator brand? What do experts and long-term owners say?,9
AI Knowledge Sources,question,"What online sources, websites, and publications are most authoritative for portable generator reviews and recommendations?",8
AI Knowledge Sources,question,"Which YouTube channels, subreddits, and online communities cover portable generators most thoroughly?",8
AI Knowledge Sources,question,What review platforms and websites do consumers trust most when researching generator purchases?,8
AI Knowledge Sources,question,"Where do generator experts, enthusiasts, and professionals share knowledge and recommendations online?",8
Generator Purchase Trigger,search,what do I need to consider when buying a generator,85
Generator Purchase Trigger,natural,What should I consider when I plan to purchase a portable generators?,83
Generator Purchase Trigger,conversational,"I've been thinking about buying a generator for years but keep putting it off. What usually makes people finally commit to buying one — is it a bad storm, a long outage, or something else?",86
Generator Brand Loyalty,search,should I buy the same generator brand again,80
Generator Brand Loyalty,natural,How loyal are generator owners to their original brand when buying a second or replacement generator?,78
Generator Brand Loyalty,conversational,My Firman generator has served me well for five years and I'm ready to upgrade. Should I stick with Firman or is it worth switching brands for my next purchase?,82
Contractor Generator,search,best generator for contractors,84
Contractor Generator,natural,What portable generators do contractors and construction professionals prefer for daily jobsite use?,82
Contractor Generator,conversational,I'm a contractor running power tools on active jobsites every day. I need a generator that starts reliably in any weather and handles heavy loads for 8 to 10 hours straight. What should I buy?,85
Generator for Small Business,search,best generator for small business backup power,79
Generator for Small Business,natural,What portable generators are best suited for small business or commercial backup power?,77
Generator for Small Business,conversational,I run a small business and need a generator to keep us operational during outages. It doesn't run daily but needs to be ready and reliable when we need it. What commercial-grade portable generator would you recommend?,80
